path,primary_label
train_audio/ruftof1/XC757599.ogg,ruftof1
train_audio/yeofly1/XC32357.ogg,yeofly1
train_audio/whnjay1/XC777923.ogg,whnjay1
train_audio/whnjay1/XC728464.ogg,whnjay1
train_audio/blchaw1/XC119228.ogg,blchaw1
train_audio/1161364/iNat1264238.ogg,1161364
train_audio/houspa/iNat389089.ogg,houspa
train_audio/whlspi1/XC556613.ogg,whlspi1
train_audio/yecmac/XC29111.ogg,yecmac
train_audio/rumfly1/XC737031.ogg,rumfly1
train_audio/saytan1/iNat168805.ogg,saytan1
train_audio/yeofly1/XC81740.ogg,yeofly1
train_audio/43435/iNat1243480.ogg,43435
train_audio/ocecra1/iNat217632.ogg,ocecra1
train_audio/oliwoo1/XC360968.ogg,oliwoo1
train_audio/555146/iNat1421757.ogg,555146
train_audio/horscr1/XC63121.ogg,horscr1
train_audio/giwrai1/iNat584376.ogg,giwrai1
train_audio/brnowl/XC705108.ogg,brnowl
train_audio/plasla1/XC898322.ogg,plasla1
train_audio/smbtin1/XC234769.ogg,smbtin1
train_audio/burowl/XC764930.ogg,burowl
train_audio/souscr1/XC343341.ogg,souscr1
train_audio/compot1/iNat1213988.ogg,compot1
train_audio/yebcar/XC838743.ogg,yebcar
train_audio/blheag1/iNat1649476.ogg,blheag1
train_audio/rinkin1/iNat1386741.ogg,rinkin1
train_audio/65377/iNat581603.ogg,65377
train_audio/whlspi1/XC506640.ogg,whlspi1
train_audio/strcuc1/XC291921.ogg,strcuc1
train_audio/lesgrf1/XC607787.ogg,lesgrf1
train_audio/gilhum1/XC428598.ogg,gilhum1
train_audio/thlwre1/XC281926.ogg,thlwre1
train_audio/yebela1/XC797291.ogg,yebela1
train_audio/recfin1/iNat1634647.ogg,recfin1
train_audio/grhtan1/XC138956.ogg,grhtan1
train_audio/greant1/XC827155.ogg,greant1
train_audio/swtman1/iNat260130.ogg,swtman1
train_audio/1161364/iNat556514.ogg,1161364
train_audio/gretho2/iNat371895.ogg,gretho2
train_audio/greyel/XC1021049.ogg,greyel
train_audio/houspa/iNat268110.ogg,houspa
train_audio/saytan1/iNat1009246.ogg,saytan1
train_audio/rebscy1/XC764064.ogg,rebscy1
train_audio/trsowl/iNat766838.ogg,trsowl
train_audio/sobcac1/XC702758.ogg,sobcac1
train_audio/redjun/XC502076.ogg,redjun
train_audio/whbwar2/iNat892285.ogg,whbwar2
train_audio/yecmac/XC705996.ogg,yecmac
train_audio/yebcar/iNat504322.ogg,yebcar
train_audio/65377/iNat924044.ogg,65377
train_audio/spbant3/XC244126.ogg,spbant3
train_audio/whbwar2/iNat1624202.ogg,whbwar2
train_audio/watjac1/XC127171.ogg,watjac1
train_audio/22973/iNat348440.ogg,22973
train_audio/shshaw/XC1039650.ogg,shshaw
train_audio/47144/iNat569990.ogg,47144
train_audio/rinkin1/XC809468.ogg,rinkin1
train_audio/souant1/iNat375780.ogg,souant1
train_audio/whbant2/XC419146.ogg,whbant2
train_audio/limpki/iNat693913.ogg,limpki
train_audio/crbthr1/XC313642.ogg,crbthr1
train_audio/yeofly1/iNat1221978.ogg,yeofly1
train_audio/trsowl/iNat522733.ogg,trsowl
train_audio/sibtan2/XC496466.ogg,sibtan2
train_audio/platyr1/XC550395.ogg,platyr1
train_audio/picpig2/iNat765614.ogg,picpig2
train_audio/platyr1/XC1045256.ogg,platyr1
train_audio/ocecra1/iNat613086.ogg,ocecra1
train_audio/fusfly1/XC415345.ogg,fusfly1
train_audio/grepot1/XC441078.ogg,grepot1
train_audio/whbwar2/iNat535806.ogg,whbwar2
train_audio/swthum1/iNat437586.ogg,swthum1
train_audio/paltan1/XC838481.ogg,paltan1
train_audio/baymac/XC754479.ogg,baymac
train_audio/ruftho1/XC996122.ogg,ruftho1
train_audio/1161364/iNat868369.ogg,1161364
train_audio/undtin1/XC217870.ogg,undtin1
train_audio/greant1/XC212993.ogg,greant1
train_audio/tattin1/iNat1654619.ogg,tattin1
train_audio/scadov1/XC1030195.ogg,scadov1
train_audio/rufhor2/XC80811.ogg,rufhor2
train_audio/souscr1/XC896228.ogg,souscr1
train_audio/rinkin1/XC276787.ogg,rinkin1
train_audio/picpig2/XC551948.ogg,picpig2
train_audio/rufcas2/XC657804.ogg,rufcas2
train_audio/plasla1/XC157285.ogg,plasla1
train_audio/rutjac1/XC560182.ogg,rutjac1
train_audio/camfli1/iNat1231755.ogg,camfli1
train_audio/blchaw1/XC84954.ogg,blchaw1
train_audio/grepot1/XC148340.ogg,grepot1
train_audio/scther1/XC4812.ogg,scther1
train_audio/rufcas2/XC602676.ogg,rufcas2
train_audio/smbtin1/XC2369.ogg,smbtin1
train_audio/rutjac1/iNat70082.ogg,rutjac1
train_audio/rufhor2/XC50098.ogg,rufhor2
train_audio/magtan2/XC174070.ogg,magtan2
train_audio/grepot1/XC283506.ogg,grepot1
train_audio/23158/iNat1316143.ogg,23158
train_audio/brnowl/iNat756514.ogg,brnowl
train_audio/baymac/iNat1289137.ogg,baymac
train_audio/yehcar1/iNat1738604.ogg,yehcar1
train_audio/trsowl/iNat1323869.ogg,trsowl
train_audio/souscr1/XC642018.ogg,souscr1
train_audio/gilhum1/XC647614.ogg,gilhum1
train_audio/sobcac1/XC259980.ogg,sobcac1
train_audio/limpki/iNat1283245.ogg,limpki
train_audio/saffin/iNat301250.ogg,saffin
train_audio/rubthr1/XC299267.ogg,rubthr1
train_audio/magtan2/XC419159.ogg,magtan2
train_audio/bufpar/XC114443.ogg,bufpar
train_audio/rufhor2/XC123673.ogg,rufhor2
train_audio/rutjac1/XC246929.ogg,rutjac1
train_audio/swtman1/XC676754.ogg,swtman1
train_audio/crebec1/iNat1324064.ogg,crebec1
train_audio/scadov1/iNat992671.ogg,scadov1
train_audio/glteme1/XC257817.ogg,glteme1
train_audio/greyel/iNat1133441.ogg,greyel
train_audio/souscr1/XC806633.ogg,souscr1
train_audio/rebscy1/XC333585.ogg,rebscy1
train_audio/greant1/iNat621676.ogg,greant1
train_audio/strcuc1/iNat272652.ogg,strcuc1
train_audio/22983/iNat551114.ogg,22983
train_audio/1161364/iNat869958.ogg,1161364
train_audio/555146/iNat1375734.ogg,555146
train_audio/picpig2/iNat1114196.ogg,picpig2
train_audio/rufhor2/iNat473248.ogg,rufhor2
train_audio/soulap1/iNat1137284.ogg,soulap1
train_audio/bufpar/iNat116292.ogg,bufpar
train_audio/yebela1/XC186275.ogg,yebela1
train_audio/crebec1/XC657167.ogg,crebec1
train_audio/rufhor2/XC921848.ogg,rufhor2
train_audio/brnowl/iNat948946.ogg,brnowl
train_audio/tattin1/iNat1604540.ogg,tattin1
train_audio/grepot1/XC698100.ogg,grepot1
train_audio/ruftho1/XC658635.ogg,ruftho1
train_audio/greyel/iNat564190.ogg,greyel
train_audio/scther1/XC427760.ogg,scther1
train_audio/orbtro3/XC252406.ogg,orbtro3
train_audio/recfin1/XC689372.ogg,recfin1
train_audio/compot1/iNat1613582.ogg,compot1
train_audio/trsowl/XC941723.ogg,trsowl
train_audio/watjac1/XC807891.ogg,watjac1
train_audio/fusfly1/XC376610.ogg,fusfly1
train_audio/redjun/XC953617.ogg,redjun
train_audio/palhor3/XC80918.ogg,palhor3
train_audio/platyr1/XC509784.ogg,platyr1
train_audio/trokin/iNat1436938.ogg,trokin
train_audio/22956/iNat804970.ogg,22956
train_audio/67107/iNat1200164.ogg,67107
train_audio/soulap1/iNat782811.ogg,soulap1
train_audio/shshaw/XC488351.ogg,shshaw
train_audio/souant1/XC17578.ogg,souant1
train_audio/blheag1/XC912402.ogg,blheag1
train_audio/sobcac1/XC949494.ogg,sobcac1
train_audio/67107/iNat1635719.ogg,67107
train_audio/baymac/XC705946.ogg,baymac
train_audio/paltan1/XC170046.ogg,paltan1
train_audio/camfli1/XC992877.ogg,camfli1
train_audio/spbant3/XC285531.ogg,spbant3
train_audio/blheag1/XC329691.ogg,blheag1
train_audio/blchaw1/iNat329195.ogg,blchaw1
train_audio/65377/iNat181436.ogg,65377
train_audio/barant1/XC80108.ogg,barant1
train_audio/ruftho1/iNat1196755.ogg,ruftho1
train_audio/saytan1/XC119108.ogg,saytan1
train_audio/74113/XC1067099.ogg,74113
train_audio/whbant2/XC419152.ogg,whbant2
train_audio/thlwre1/XC834039.ogg,thlwre1
train_audio/glteme1/XC500644.ogg,glteme1
train_audio/ruftof1/XC187729.ogg,ruftof1
train_audio/22956/iNat1637913.ogg,22956
train_audio/soulap1/iNat634739.ogg,soulap1
train_audio/spbant3/XC294222.ogg,spbant3
train_audio/watjac1/XC820354.ogg,watjac1
train_audio/swtman1/iNat16265.ogg,swtman1
train_audio/blchaw1/XC506367.ogg,blchaw1
train_audio/orbtro3/XC50101.ogg,orbtro3
train_audio/rufnig1/XC440799.ogg,rufnig1
train_audio/bkcdon/XC653138.ogg,bkcdon
train_audio/phecuc1/XC168066.ogg,phecuc1
train_audio/swthum1/iNat56880.ogg,swthum1
train_audio/pirfly1/XC896089.ogg,pirfly1
train_audio/undtin1/XC729222.ogg,undtin1
train_audio/sibtan2/XC386686.ogg,sibtan2
train_audio/swtman1/iNat566157.ogg,swtman1
train_audio/1161364/iNat842139.ogg,1161364
train_audio/yehcar1/iNat1336124.ogg,yehcar1
train_audio/compot1/iNat1214007.ogg,compot1
train_audio/67107/iNat1668289.ogg,67107
train_audio/oliwoo1/XC993190.ogg,oliwoo1
train_audio/bunibi1/XC582150.ogg,bunibi1
train_audio/greant1/XC387997.ogg,greant1
train_audio/shshaw/iNat824331.ogg,shshaw
train_audio/baymac/XC956583.ogg,baymac
train_audio/phecuc1/XC199025.ogg,phecuc1
train_audio/bobfly1/XC389179.ogg,bobfly1
train_audio/blchaw1/XC592751.ogg,blchaw1
train_audio/1161364/iNat810195.ogg,1161364
train_audio/rufnig1/iNat831316.ogg,rufnig1
train_audio/burowl/iNat830137.ogg,burowl
train_audio/whlspi1/XC556612.ogg,whlspi1
train_audio/rufgna3/XC252356.ogg,rufgna3
train_audio/hyamac1/XC84865.ogg,hyamac1
train_audio/hyamac1/XC205633.ogg,hyamac1
train_audio/compot1/XC770502.ogg,compot1
train_audio/plasla1/XC698631.ogg,plasla1
train_audio/rufcac2/XC854909.ogg,rufcac2
train_audio/22983/iNat347849.ogg,22983
train_audio/gretho2/iNat493037.ogg,gretho2
train_audio/yeofly1/XC479384.ogg,yeofly1
train_audio/43435/XC960449.ogg,43435
train_audio/giwrai1/iNat587431.ogg,giwrai1
train_audio/bobfly1/XC204846.ogg,bobfly1
train_audio/yebcar/XC573571.ogg,yebcar
train_audio/limpki/iNat592903.ogg,limpki
train_audio/picpig2/XC1035789.ogg,picpig2
train_audio/swthum1/iNat1677846.ogg,swthum1
train_audio/22983/iNat1243068.ogg,22983
train_audio/22956/iNat1723893.ogg,22956
train_audio/smbtin1/iNat1185724.ogg,smbtin1
train_audio/whbant2/iNat312574.ogg,whbant2
train_audio/whlspi1/XC738443.ogg,whlspi1
train_audio/sobcac1/iNat1565923.ogg,sobcac1
train_audio/67107/iNat1644752.ogg,67107
train_audio/houspa/iNat1430695.ogg,houspa
train_audio/shcfly1/XC943863.ogg,shcfly1
train_audio/43435/iNat172602.ogg,43435
train_audio/lesgrf1/XC174706.ogg,lesgrf1
train_audio/whbant2/XC80038.ogg,whbant2
train_audio/crbthr1/iNat527547.ogg,crbthr1
train_audio/saytan1/iNat885602.ogg,saytan1
train_audio/burowl/iNat1316945.ogg,burowl
train_audio/watjac1/XC369645.ogg,watjac1
train_audio/ficman1/XC200128.ogg,ficman1
train_audio/picpig2/XC299139.ogg,picpig2
train_audio/555146/XC950136.ogg,555146
train_audio/palhor3/XC896231.ogg,palhor3
train_audio/compau/iNat17986.ogg,compau
train_audio/gretho2/XC681207.ogg,gretho2
train_audio/74113/XC1067100.ogg,74113
train_audio/rebscy1/XC499817.ogg,rebscy1
train_audio/whnjay1/XC82205.ogg,whnjay1
train_audio/strcuc1/XC436988.ogg,strcuc1
train_audio/rutjac1/iNat366531.ogg,rutjac1
train_audio/grhtan1/XC705457.ogg,grhtan1
train_audio/yehcar1/iNat30528.ogg,yehcar1
train_audio/sobtyr1/XC933711.ogg,sobtyr1
train_audio/orbtro3/XC341787.ogg,orbtro3
train_audio/spbant3/iNat260355.ogg,spbant3
train_audio/rufhor2/iNat138287.ogg,rufhor2
train_audio/compau/XC450508.ogg,compau
train_audio/barant1/XC428314.ogg,barant1
train_audio/bufpar/iNat1001541.ogg,bufpar
train_audio/lesgrf1/iNat181517.ogg,lesgrf1
train_audio/hyamac1/XC123457.ogg,hyamac1
train_audio/burowl/iNat1070820.ogg,burowl
train_audio/hyamac1/XC145809.ogg,hyamac1
train_audio/palhor3/XC271736.ogg,palhor3
train_audio/crbthr1/XC366778.ogg,crbthr1
train_audio/whlspi1/XC395453.ogg,whlspi1
train_audio/redjun/iNat1231237.ogg,redjun
train_audio/recfin1/XC206892.ogg,recfin1
train_audio/watjac1/XC200361.ogg,watjac1
train_audio/bobfly1/XC616378.ogg,bobfly1
train_audio/redjun/iNat737813.ogg,redjun
train_audio/burowl/iNat1143303.ogg,burowl
train_audio/swtman1/XC551323.ogg,swtman1
train_audio/bobfly1/iNat193974.ogg,bobfly1
train_audio/yeofly1/XC803719.ogg,yeofly1
train_audio/saffin/XC210963.ogg,saffin
train_audio/whbwar2/iNat786917.ogg,whbwar2
train_audio/22973/XC167037.ogg,22973
train_audio/soulap1/XC855283.ogg,soulap1
train_audio/rufcac2/XC602730.ogg,rufcac2
train_audio/paltan1/iNat856938.ogg,paltan1
train_audio/rebscy1/XC841728.ogg,rebscy1
train_audio/barant1/XC953418.ogg,barant1
train_audio/saytan1/iNat193246.ogg,saytan1
train_audio/compot1/XC70535.ogg,compot1
train_audio/swthum1/XC813195.ogg,swthum1
train_audio/spbant3/iNat1449831.ogg,spbant3
train_audio/saytan1/XC84788.ogg,saytan1
train_audio/bkcdon/XC863918.ogg,bkcdon
train_audio/whbwar2/iNat1560883.ogg,whbwar2
train_audio/horscr1/XC816905.ogg,horscr1
train_audio/23158/iNat1322093.ogg,23158
train_audio/undtin1/iNat1053480.ogg,undtin1
train_audio/scadov1/XC738445.ogg,scadov1
train_audio/blchaw1/XC115712.ogg,blchaw1
train_audio/trsowl/XC414180.ogg,trsowl
train_audio/compot1/iNat1468005.ogg,compot1
train_audio/shcfly1/XC213054.ogg,shcfly1
train_audio/22973/iNat583591.ogg,22973
train_audio/sobcac1/iNat155233.ogg,sobcac1
train_audio/palhor3/XC298939.ogg,palhor3
train_audio/toctou1/iNat731714.ogg,toctou1
train_audio/rufhor2/iNat572214.ogg,rufhor2
train_audio/22973/iNat348132.ogg,22973
train_audio/sibtan2/XC210148.ogg,sibtan2
train_audio/sibtan2/XC708290.ogg,sibtan2
train_audio/thlwre1/XC385699.ogg,thlwre1
train_audio/paltan1/XC939054.ogg,paltan1
train_audio/toctou1/XC124538.ogg,toctou1
train_audio/555146/iNat1263319.ogg,555146
train_audio/saffin/XC708581.ogg,saffin
train_audio/platyr1/XC844009.ogg,platyr1
train_audio/bufpar/iNat1125618.ogg,bufpar
train_audio/crebec1/XC678303.ogg,crebec1
train_audio/74113/iNat1463593.ogg,74113
train_audio/palhor3/XC707337.ogg,palhor3
train_audio/crbthr1/XC777758.ogg,crbthr1
train_audio/soulap1/XC130484.ogg,soulap1
train_audio/crbthr1/XC708357.ogg,crbthr1
train_audio/sobtyr1/XC419463.ogg,sobtyr1
train_audio/rufcac2/XC111518.ogg,rufcac2
train_audio/whbant2/XC404407.ogg,whbant2
train_audio/ruftof1/iNat142864.ogg,ruftof1
train_audio/brnowl/iNat852817.ogg,brnowl
train_audio/rinkin1/XC274834.ogg,rinkin1
train_audio/555146/XC1062610.ogg,555146
train_audio/watjac1/XC118669.ogg,watjac1
train_audio/ruftof1/XC435895.ogg,ruftof1
train_audio/trokin/iNat321632.ogg,trokin
train_audio/tattin1/iNat1359974.ogg,tattin1
train_audio/ficman1/XC315027.ogg,ficman1
train_audio/22973/iNat154035.ogg,22973
train_audio/crebec1/XC513637.ogg,crebec1
train_audio/1161364/iNat547199.ogg,1161364
train_audio/sobtyr1/iNat910179.ogg,sobtyr1
train_audio/magtan2/XC486880.ogg,magtan2
train_audio/lesgrf1/XC992390.ogg,lesgrf1
train_audio/whbant2/iNat1153736.ogg,whbant2
train_audio/22973/iNat218912.ogg,22973
train_audio/22956/iNat859871.ogg,22956
train_audio/scther1/XC51337.ogg,scther1
train_audio/souant1/iNat1648928.ogg,souant1
train_audio/barant1/XC154649.ogg,barant1
train_audio/camfli1/iNat1697459.ogg,camfli1
train_audio/scadov1/XC414333.ogg,scadov1
train_audio/fusfly1/XC1006647.ogg,fusfly1
train_audio/22973/iNat343840.ogg,22973
train_audio/burowl/XC694948.ogg,burowl
train_audio/orbtro3/XC415467.ogg,orbtro3
train_audio/houspa/iNat443980.ogg,houspa
train_audio/bufpar/iNat1689545.ogg,bufpar
train_audio/shcfly1/XC830208.ogg,shcfly1
train_audio/phecuc1/XC350794.ogg,phecuc1
train_audio/65377/iNat1372639.ogg,65377
train_audio/scther1/XC725047.ogg,scther1
train_audio/houspa/XC138577.ogg,houspa
train_audio/sibtan2/XC595925.ogg,sibtan2
train_audio/flawar1/XC427632.ogg,flawar1
train_audio/whlspi1/XC338639.ogg,whlspi1
train_audio/23158/XC926454.ogg,23158
train_audio/palhor3/XC834189.ogg,palhor3
train_audio/soulap1/XC577147.ogg,soulap1
train_audio/saffin/iNat1653408.ogg,saffin
train_audio/souscr1/XC2452.ogg,souscr1
train_audio/greant1/XC605709.ogg,greant1
train_audio/barant1/iNat933833.ogg,barant1
train_audio/phecuc1/XC796936.ogg,phecuc1
train_audio/greyel/XC714532.ogg,greyel
train_audio/saffin/iNat91251.ogg,saffin
train_audio/soulap1/iNat648242.ogg,soulap1
train_audio/bkcdon/XC443419.ogg,bkcdon
train_audio/rubthr1/XC344861.ogg,rubthr1
train_audio/67107/XC952975.ogg,67107
train_audio/ruftof1/XC711250.ogg,ruftof1
train_audio/magtan2/XC259761.ogg,magtan2
train_audio/yehcar1/iNat1239481.ogg,yehcar1
train_audio/glteme1/XC799755.ogg,glteme1
train_audio/flawar1/XC556422.ogg,flawar1
train_audio/blheag1/XC117174.ogg,blheag1
train_audio/lesgrf1/XC332753.ogg,lesgrf1
train_audio/compau/XC973328.ogg,compau
train_audio/souant1/XC358825.ogg,souant1
train_audio/spbant3/XC569152.ogg,spbant3
train_audio/giwrai1/XC118839.ogg,giwrai1
train_audio/toctou1/iNat1456182.ogg,toctou1
train_audio/rebscy1/XC422544.ogg,rebscy1
train_audio/saffin/XC345707.ogg,saffin
train_audio/burowl/iNat139041.ogg,burowl
train_audio/barant1/XC80111.ogg,barant1
train_audio/souscr1/XC461325.ogg,souscr1
train_audio/rutjac1/XC319592.ogg,rutjac1
train_audio/rumfly1/iNat865422.ogg,rumfly1
train_audio/horscr1/XC325541.ogg,horscr1
train_audio/pirfly1/iNat863500.ogg,pirfly1
train_audio/watjac1/XC144343.ogg,watjac1
train_audio/rinkin1/XC423017.ogg,rinkin1
train_audio/recfin1/XC759599.ogg,recfin1
train_audio/picpig2/iNat842125.ogg,picpig2
train_audio/rufhor2/iNat1505700.ogg,rufhor2
train_audio/watjac1/XC51397.ogg,watjac1
train_audio/baymac/iNat1150798.ogg,baymac
train_audio/sobcac1/iNat730759.ogg,sobcac1
train_audio/compot1/XC799063.ogg,compot1
train_audio/rebscy1/XC421469.ogg,rebscy1
train_audio/ficman1/XC615543.ogg,ficman1
train_audio/rutjac1/XC233566.ogg,rutjac1
train_audio/undtin1/XC631008.ogg,undtin1
train_audio/rufcac2/XC171672.ogg,rufcac2
train_audio/sobcac1/iNat1684939.ogg,sobcac1
train_audio/bkcdon/iNat1529577.ogg,bkcdon
train_audio/74113/XC1067103.ogg,74113
train_audio/grhtan1/XC576452.ogg,grhtan1
train_audio/limpki/iNat338810.ogg,limpki
train_audio/rufnig1/iNat517155.ogg,rufnig1
train_audio/compau/XC213429.ogg,compau
train_audio/fusfly1/XC176294.ogg,fusfly1
train_audio/yehcar1/iNat1246426.ogg,yehcar1
train_audio/scadov1/iNat970815.ogg,scadov1
train_audio/67107/XC1039651.ogg,67107
train_audio/burowl/iNat494688.ogg,burowl
train_audio/bobfly1/XC56166.ogg,bobfly1
train_audio/trokin/iNat48987.ogg,trokin
train_audio/crbthr1/iNat1691632.ogg,crbthr1
train_audio/rufnig1/iNat1166662.ogg,rufnig1
train_audio/brnowl/iNat57842.ogg,brnowl
train_audio/bobfly1/iNat607634.ogg,bobfly1
train_audio/glteme1/XC745502.ogg,glteme1
train_audio/65377/XC905709.ogg,65377
train_audio/thlwre1/iNat331011.ogg,thlwre1
train_audio/ficman1/XC615538.ogg,ficman1
train_audio/platyr1/XC616313.ogg,platyr1
train_audio/whnjay1/iNat1579069.ogg,whnjay1
train_audio/trsowl/XC276169.ogg,trsowl
train_audio/yecmac/XC51516.ogg,yecmac
train_audio/greyel/iNat320319.ogg,greyel
train_audio/strcuc1/XC435949.ogg,strcuc1
train_audio/rufcas2/XC404454.ogg,rufcas2
train_audio/orbtro3/XC208721.ogg,orbtro3
train_audio/lesgrf1/XC84503.ogg,lesgrf1
train_audio/trokin/iNat83879.ogg,trokin
train_audio/ruftho1/XC34543.ogg,ruftho1
train_audio/43435/iNat62638.ogg,43435
train_audio/ruftof1/XC880836.ogg,ruftof1
train_audio/scther1/XC85281.ogg,scther1
train_audio/pirfly1/XC890921.ogg,pirfly1
train_audio/1161364/iNat840159.ogg,1161364
train_audio/47144/XC1045485.ogg,47144
train_audio/rubthr1/XC293511.ogg,rubthr1
train_audio/picpig2/XC119107.ogg,picpig2
train_audio/greant1/iNat151722.ogg,greant1
train_audio/horscr1/XC665573.ogg,horscr1
train_audio/grhtan1/XC838070.ogg,grhtan1
train_audio/magtan2/XC215497.ogg,magtan2
train_audio/blchaw1/XC550357.ogg,blchaw1
train_audio/ocecra1/iNat986912.ogg,ocecra1
train_audio/thlwre1/XC196522.ogg,thlwre1
train_audio/flawar1/XC427646.ogg,flawar1
train_audio/rufcas2/XC722091.ogg,rufcas2
train_audio/thlwre1/XC131035.ogg,thlwre1
train_audio/paltan1/XC84794.ogg,paltan1
train_audio/pirfly1/XC521871.ogg,pirfly1
train_audio/rufgna3/iNat1290108.ogg,rufgna3
train_audio/scadov1/XC600278.ogg,scadov1
train_audio/compau/iNat559416.ogg,compau
train_audio/platyr1/XC687833.ogg,platyr1
train_audio/toctou1/XC760916.ogg,toctou1
train_audio/sibtan2/XC243030.ogg,sibtan2
train_audio/1161364/iNat818781.ogg,1161364
train_audio/rufgna3/XC548874.ogg,rufgna3
train_audio/bufpar/iNat504118.ogg,bufpar
train_audio/yeofly1/XC214587.ogg,yeofly1
train_audio/paltan1/XC274833.ogg,paltan1
train_audio/toctou1/XC920679.ogg,toctou1
train_audio/rufgna3/XC727641.ogg,rufgna3
train_audio/trsowl/iNat1321621.ogg,trsowl
train_audio/swthum1/XC927014.ogg,swthum1
train_audio/bkcdon/XC478219.ogg,bkcdon
train_audio/whbant2/XC656195.ogg,whbant2
train_audio/ficman1/XC438672.ogg,ficman1
train_audio/saffin/XC528006.ogg,saffin
train_audio/sibtan2/XC74139.ogg,sibtan2
train_audio/22983/iNat830655.ogg,22983
train_audio/rufcas2/XC2726.ogg,rufcas2
train_audio/23158/iNat1727252.ogg,23158
train_audio/sobtyr1/XC218731.ogg,sobtyr1
train_audio/whbwar2/XC157387.ogg,whbwar2
train_audio/sobcac1/XC686349.ogg,sobcac1
train_audio/rumfly1/XC549490.ogg,rumfly1
train_audio/ocecra1/iNat292150.ogg,ocecra1
train_audio/spbant3/XC436995.ogg,spbant3
train_audio/43435/iNat1477433.ogg,43435
train_audio/yeofly1/XC826348.ogg,yeofly1
train_audio/rumfly1/XC123644.ogg,rumfly1
train_audio/blheag1/XC554568.ogg,blheag1
train_audio/crebec1/XC602873.ogg,crebec1
train_audio/whbant2/XC488913.ogg,whbant2
train_audio/yebela1/XC1007764.ogg,yebela1
train_audio/phecuc1/iNat571792.ogg,phecuc1
train_audio/soulap1/iNat1405995.ogg,soulap1
train_audio/yecmac/XC148972.ogg,yecmac
train_audio/picpig2/XC202065.ogg,picpig2
train_audio/rinkin1/XC238451.ogg,rinkin1
train_audio/22983/iNat1243038.ogg,22983
train_audio/grhtan1/XC259720.ogg,grhtan1
train_audio/flawar1/XC427628.ogg,flawar1
train_audio/blchaw1/XC1015627.ogg,blchaw1
train_audio/ficman1/XC734445.ogg,ficman1
train_audio/bkcdon/XC131419.ogg,bkcdon
train_audio/555146/iNat1657895.ogg,555146
train_audio/yecmac/XC461804.ogg,yecmac
train_audio/greyel/iNat414971.ogg,greyel
train_audio/47144/iNat1729636.ogg,47144
train_audio/67107/iNat869726.ogg,67107
train_audio/saffin/XC553896.ogg,saffin
train_audio/plasla1/XC737349.ogg,plasla1
train_audio/ruftof1/XC1064619.ogg,ruftof1
train_audio/rufcac2/XC1061044.ogg,rufcac2
train_audio/bobfly1/XC6051.ogg,bobfly1
train_audio/souant1/XC944842.ogg,souant1
train_audio/ficman1/XC1037347.ogg,ficman1
train_audio/paltan1/iNat51288.ogg,paltan1
train_audio/shshaw/iNat1615799.ogg,shshaw
train_audio/giwrai1/XC394334.ogg,giwrai1
train_audio/rufnig1/XC572938.ogg,rufnig1
train_audio/toctou1/XC507908.ogg,toctou1
train_audio/gretho2/XC720781.ogg,gretho2
train_audio/43435/iNat1243479.ogg,43435
train_audio/smbtin1/XC682516.ogg,smbtin1
train_audio/plasla1/XC121923.ogg,plasla1
train_audio/sobtyr1/iNat587007.ogg,sobtyr1
train_audio/rufnig1/XC690791.ogg,rufnig1
train_audio/platyr1/XC656885.ogg,platyr1
train_audio/compau/XC436502.ogg,compau
train_audio/phecuc1/iNat34234.ogg,phecuc1
train_audio/rubthr1/XC82495.ogg,rubthr1
train_audio/sobtyr1/XC653904.ogg,sobtyr1
train_audio/paltan1/iNat1229253.ogg,paltan1
train_audio/bunibi1/XC1031753.ogg,bunibi1
train_audio/bufpar/iNat1599675.ogg,bufpar
train_audio/camfli1/iNat1549185.ogg,camfli1
train_audio/47144/iNat437856.ogg,47144
train_audio/yebcar/XC50744.ogg,yebcar
train_audio/rinkin1/XC359432.ogg,rinkin1
train_audio/thlwre1/XC213011.ogg,thlwre1
train_audio/lesgrf1/iNat878189.ogg,lesgrf1
train_audio/smbtin1/XC419581.ogg,smbtin1
train_audio/65377/XC905708.ogg,65377
train_audio/bufpar/XC698638.ogg,bufpar
train_audio/plasla1/XC789163.ogg,plasla1
train_audio/rutjac1/XC382483.ogg,rutjac1
train_audio/yecmac/XC148970.ogg,yecmac
train_audio/horscr1/XC800084.ogg,horscr1
train_audio/pirfly1/XC245350.ogg,pirfly1
train_audio/fusfly1/XC722090.ogg,fusfly1
train_audio/toctou1/XC809959.ogg,toctou1
train_audio/bunibi1/XC748950.ogg,bunibi1
train_audio/yecmac/XC901420.ogg,yecmac
train_audio/gilhum1/XC51362.ogg,gilhum1
train_audio/giwrai1/iNat308374.ogg,giwrai1
train_audio/smbtin1/XC114957.ogg,smbtin1
train_audio/yehcar1/iNat933937.ogg,yehcar1
train_audio/555146/iNat1263318.ogg,555146
train_audio/shcfly1/iNat1683777.ogg,shcfly1
train_audio/camfli1/iNat157463.ogg,camfli1
train_audio/scadov1/XC444164.ogg,scadov1
train_audio/flawar1/XC412187.ogg,flawar1
train_audio/shcfly1/iNat1500230.ogg,shcfly1
train_audio/palhor3/iNat1290450.ogg,palhor3
train_audio/yehcar1/iNat346411.ogg,yehcar1
train_audio/grhtan1/XC298016.ogg,grhtan1
train_audio/flawar1/XC164884.ogg,flawar1
train_audio/47144/iNat1693578.ogg,47144
train_audio/rufcas2/XC863839.ogg,rufcas2
train_audio/rumfly1/XC995240.ogg,rumfly1
train_audio/oliwoo1/iNat1212267.ogg,oliwoo1
train_audio/barant1/XC304275.ogg,barant1
train_audio/swtman1/XC282255.ogg,swtman1
train_audio/brnowl/XC209392.ogg,brnowl
train_audio/giwrai1/XC341485.ogg,giwrai1
train_audio/yeofly1/iNat171408.ogg,yeofly1
train_audio/magtan2/iNat1464651.ogg,magtan2
train_audio/souant1/XC424191.ogg,souant1
train_audio/barant1/iNat1011388.ogg,barant1
train_audio/shcfly1/XC387343.ogg,shcfly1
train_audio/yehcar1/iNat918655.ogg,yehcar1
train_audio/undtin1/XC118338.ogg,undtin1
train_audio/swtman1/XC470008.ogg,swtman1
train_audio/67107/iNat499592.ogg,67107
train_audio/gilhum1/XC29140.ogg,gilhum1
train_audio/ocecra1/iNat374266.ogg,ocecra1
train_audio/recfin1/XC811900.ogg,recfin1
train_audio/barant1/XC435939.ogg,barant1
train_audio/camfli1/XC217551.ogg,camfli1
train_audio/souscr1/XC844833.ogg,souscr1
train_audio/recfin1/XC973670.ogg,recfin1
train_audio/yebela1/XC114094.ogg,yebela1
train_audio/horscr1/XC724898.ogg,horscr1
train_audio/oliwoo1/iNat83899.ogg,oliwoo1
train_audio/magtan2/XC118545.ogg,magtan2
train_audio/redjun/iNat57192.ogg,redjun
train_audio/ocecra1/iNat986872.ogg,ocecra1
train_audio/gilhum1/XC1047878.ogg,gilhum1
train_audio/trokin/iNat1591364.ogg,trokin
train_audio/rufcas2/XC1017286.ogg,rufcas2
train_audio/crebec1/XC1016162.ogg,crebec1
train_audio/magtan2/XC652662.ogg,magtan2
train_audio/whbwar2/iNat1591966.ogg,whbwar2
train_audio/redjun/iNat737815.ogg,redjun
train_audio/trokin/XC499368.ogg,trokin
train_audio/ruftho1/XC419251.ogg,ruftho1
train_audio/recfin1/XC353720.ogg,recfin1
train_audio/yebela1/XC165896.ogg,yebela1
train_audio/yebela1/XC363229.ogg,yebela1
train_audio/blheag1/XC117114.ogg,blheag1
train_audio/compau/XC956287.ogg,compau
train_audio/souant1/XC743976.ogg,souant1
train_audio/22983/iNat193774.ogg,22983
train_audio/bunibi1/iNat1291621.ogg,bunibi1
train_audio/rufhor2/XC620687.ogg,rufhor2
train_audio/souant1/iNat1415358.ogg,souant1
train_audio/gilhum1/iNat456624.ogg,gilhum1
train_audio/pirfly1/XC407360.ogg,pirfly1
train_audio/pirfly1/XC940689.ogg,pirfly1
train_audio/giwrai1/XC209518.ogg,giwrai1
train_audio/ocecra1/iNat1163875.ogg,ocecra1
train_audio/thlwre1/iNat1439826.ogg,thlwre1
train_audio/bufpar/XC147543.ogg,bufpar
train_audio/smbtin1/XC737386.ogg,smbtin1
train_audio/yehcar1/iNat565888.ogg,yehcar1
train_audio/sobtyr1/XC493621.ogg,sobtyr1
train_audio/saffin/XC556590.ogg,saffin
train_audio/gilhum1/XC823570.ogg,gilhum1
train_audio/ruftho1/XC264537.ogg,ruftho1
train_audio/platyr1/XC429282.ogg,platyr1
train_audio/65377/iNat154034.ogg,65377
train_audio/compot1/XC605293.ogg,compot1
train_audio/22983/iNat551115.ogg,22983
train_audio/fusfly1/iNat1459480.ogg,fusfly1
train_audio/rutjac1/XC609229.ogg,rutjac1
train_audio/rufcas2/XC325896.ogg,rufcas2
train_audio/saffin/XC898399.ogg,saffin
train_audio/greyel/XC517465.ogg,greyel
train_audio/gretho2/XC1030210.ogg,gretho2
train_audio/blheag1/XC1018652.ogg,blheag1
train_audio/65377/XC971185.ogg,65377
train_audio/ocecra1/iNat886979.ogg,ocecra1
train_audio/47144/iNat698048.ogg,47144
train_audio/greyel/XC716126.ogg,greyel
train_audio/strcuc1/iNat1726275.ogg,strcuc1
train_audio/22973/iNat887040.ogg,22973
train_audio/47144/iNat1346356.ogg,47144
train_audio/fusfly1/XC592928.ogg,fusfly1
train_audio/rumfly1/XC457252.ogg,rumfly1
train_audio/22956/iNat886570.ogg,22956
train_audio/1161364/iNat1216197.ogg,1161364
train_audio/saytan1/iNat815711.ogg,saytan1
train_audio/43435/iNat208008.ogg,43435
train_audio/crebec1/iNat1314778.ogg,crebec1
train_audio/ficman1/XC438665.ogg,ficman1
train_audio/shshaw/XC778069.ogg,shshaw
train_audio/22956/iNat1711085.ogg,22956
train_audio/bunibi1/XC946261.ogg,bunibi1
train_audio/oliwoo1/XC482160.ogg,oliwoo1
train_audio/orbtro3/XC409065.ogg,orbtro3
train_audio/swthum1/iNat1613485.ogg,swthum1
train_audio/whnjay1/XC113192.ogg,whnjay1
train_audio/rinkin1/iNat714212.ogg,rinkin1
train_audio/22956/iNat1245289.ogg,22956
train_audio/bunibi1/XC342849.ogg,bunibi1
train_audio/yebcar/iNat869753.ogg,yebcar
train_audio/houspa/iNat1282035.ogg,houspa
train_audio/blheag1/iNat857291.ogg,blheag1
train_audio/47144/iNat1721928.ogg,47144
train_audio/strcuc1/XC85430.ogg,strcuc1
train_audio/pirfly1/XC709430.ogg,pirfly1
train_audio/yecmac/XC879281.ogg,yecmac
train_audio/lesgrf1/iNat862873.ogg,lesgrf1
train_audio/palhor3/XC144812.ogg,palhor3
train_audio/spbant3/iNat1627746.ogg,spbant3
train_audio/rufgna3/XC177590.ogg,rufgna3
train_audio/smbtin1/iNat1289331.ogg,smbtin1
train_audio/bunibi1/iNat501844.ogg,bunibi1
train_audio/67107/iNat314794.ogg,67107
train_audio/trokin/iNat736533.ogg,trokin
train_audio/orbtro3/XC764003.ogg,orbtro3
train_audio/undtin1/iNat1432055.ogg,undtin1
train_audio/23158/iNat1263350.ogg,23158
train_audio/rubthr1/iNat386697.ogg,rubthr1
train_audio/oliwoo1/XC122267.ogg,oliwoo1
train_audio/souscr1/XC616319.ogg,souscr1
train_audio/redjun/XC124406.ogg,redjun
train_audio/horscr1/XC146794.ogg,horscr1
train_audio/yebcar/XC704939.ogg,yebcar
train_audio/spbant3/iNat838205.ogg,spbant3
train_audio/houspa/iNat107092.ogg,houspa
train_audio/blchaw1/XC704162.ogg,blchaw1
train_audio/greyel/iNat860062.ogg,greyel
train_audio/souant1/XC299610.ogg,souant1
train_audio/yebela1/XC964423.ogg,yebela1
train_audio/giwrai1/iNat1205992.ogg,giwrai1
train_audio/tattin1/XC292899.ogg,tattin1
train_audio/pirfly1/XC484284.ogg,pirfly1
train_audio/22983/iNat585817.ogg,22983
train_audio/whlspi1/XC279556.ogg,whlspi1
train_audio/flawar1/XC708976.ogg,flawar1
train_audio/ruftho1/XC325586.ogg,ruftho1
train_audio/paltan1/XC831516.ogg,paltan1
train_audio/strcuc1/XC702168.ogg,strcuc1
train_audio/rubthr1/iNat145188.ogg,rubthr1
train_audio/giwrai1/iNat541835.ogg,giwrai1
train_audio/scadov1/iNat600179.ogg,scadov1
train_audio/paltan1/XC365693.ogg,paltan1
train_audio/redjun/iNat737956.ogg,redjun
train_audio/rufgna3/XC389450.ogg,rufgna3
train_audio/barant1/XC823952.ogg,barant1
train_audio/rufnig1/iNat1212495.ogg,rufnig1
train_audio/whlspi1/XC415463.ogg,whlspi1
train_audio/magtan2/XC366561.ogg,magtan2
train_audio/bufpar/XC838335.ogg,bufpar
train_audio/22973/iNat348441.ogg,22973
train_audio/whlspi1/XC128569.ogg,whlspi1
train_audio/undtin1/XC415430.ogg,undtin1
train_audio/trsowl/XC1044393.ogg,trsowl
train_audio/gretho2/iNat1196332.ogg,gretho2
train_audio/glteme1/XC145943.ogg,glteme1
train_audio/bunibi1/iNat1557512.ogg,bunibi1
train_audio/compau/XC820752.ogg,compau
train_audio/23158/iNat325667.ogg,23158
train_audio/scther1/XC85288.ogg,scther1
train_audio/hyamac1/XC901437.ogg,hyamac1
train_audio/67107/iNat70590.ogg,67107
train_audio/toctou1/XC393559.ogg,toctou1
train_audio/rubthr1/XC913487.ogg,rubthr1
train_audio/phecuc1/XC238240.ogg,phecuc1
train_audio/rufnig1/XC859023.ogg,rufnig1
train_audio/43435/iNat742666.ogg,43435
train_audio/rufnig1/XC493291.ogg,rufnig1
train_audio/baymac/XC119028.ogg,baymac
train_audio/strcuc1/XC555102.ogg,strcuc1
train_audio/23158/iNat1657967.ogg,23158
train_audio/74113/XC987237.ogg,74113
train_audio/rufcac2/XC144552.ogg,rufcac2
train_audio/limpki/iNat592901.ogg,limpki
train_audio/ruftof1/XC594649.ogg,ruftof1
train_audio/flawar1/XC395613.ogg,flawar1
train_audio/hyamac1/XC134196.ogg,hyamac1
train_audio/shshaw/iNat511725.ogg,shshaw
train_audio/limpki/iNat709743.ogg,limpki
train_audio/greant1/XC247305.ogg,greant1
train_audio/undtin1/XC460769.ogg,undtin1
train_audio/43435/XC960448.ogg,43435
train_audio/rubthr1/iNat48324.ogg,rubthr1
train_audio/undtin1/XC358831.ogg,undtin1
train_audio/toctou1/XC427886.ogg,toctou1
train_audio/redjun/XC783718.ogg,redjun
train_audio/tattin1/XC173952.ogg,tattin1
train_audio/sibtan2/XC837973.ogg,sibtan2
train_audio/plasla1/XC496103.ogg,plasla1
train_audio/rumfly1/XC543427.ogg,rumfly1
train_audio/orbtro3/XC700643.ogg,orbtro3
train_audio/tattin1/XC52214.ogg,tattin1
train_audio/blheag1/XC541262.ogg,blheag1
train_audio/ocecra1/iNat1163877.ogg,ocecra1
train_audio/plasla1/XC963341.ogg,plasla1
train_audio/tattin1/iNat353734.ogg,tattin1
train_audio/camfli1/XC517471.ogg,camfli1
train_audio/gilhum1/XC201831.ogg,gilhum1
train_audio/ruftof1/XC295385.ogg,ruftof1
train_audio/ficman1/XC1035527.ogg,ficman1
train_audio/glteme1/XC329840.ogg,glteme1
train_audio/orbtro3/XC260037.ogg,orbtro3
train_audio/whbant2/iNat48878.ogg,whbant2
train_audio/orbtro3/XC625536.ogg,orbtro3
train_audio/whnjay1/XC493229.ogg,whnjay1
train_audio/rufgna3/XC540536.ogg,rufgna3
train_audio/crbthr1/XC1006083.ogg,crbthr1
train_audio/gretho2/XC172599.ogg,gretho2
train_audio/flawar1/iNat365444.ogg,flawar1
train_audio/74113/XC992449.ogg,74113
train_audio/undtin1/XC128573.ogg,undtin1
train_audio/grhtan1/XC844026.ogg,grhtan1
train_audio/bkcdon/XC259283.ogg,bkcdon
train_audio/yecmac/XC2772.ogg,yecmac
train_audio/yecmac/XC896244.ogg,yecmac
train_audio/ruftho1/XC258165.ogg,ruftho1
train_audio/thlwre1/XC549879.ogg,thlwre1
train_audio/74113/XC1039325.ogg,74113
train_audio/blheag1/XC123094.ogg,blheag1
train_audio/whnjay1/XC82199.ogg,whnjay1
train_audio/compot1/iNat1214097.ogg,compot1
train_audio/trokin/iNat1513414.ogg,trokin
train_audio/555146/iNat982664.ogg,555146
train_audio/555146/iNat320503.ogg,555146
train_audio/rubthr1/XC695280.ogg,rubthr1
train_audio/baymac/iNat396116.ogg,baymac
train_audio/toctou1/iNat1205443.ogg,toctou1
train_audio/camfli1/iNat1208485.ogg,camfli1
train_audio/burowl/iNat855976.ogg,burowl
train_audio/grepot1/XC820954.ogg,grepot1
train_audio/grhtan1/XC593932.ogg,grhtan1
train_audio/horscr1/XC237982.ogg,horscr1
train_audio/saytan1/XC421329.ogg,saytan1
train_audio/65377/iNat1321386.ogg,65377
train_audio/oliwoo1/XC796933.ogg,oliwoo1
train_audio/gilhum1/XC615555.ogg,gilhum1
train_audio/rutjac1/XC1039073.ogg,rutjac1
train_audio/platyr1/XC615547.ogg,platyr1
train_audio/shcfly1/XC432371.ogg,shcfly1
train_audio/yeofly1/XC250157.ogg,yeofly1
train_audio/rufcas2/XC748036.ogg,rufcas2
train_audio/whlspi1/XC896250.ogg,whlspi1
train_audio/sibtan2/XC594653.ogg,sibtan2
train_audio/ruftof1/XC282821.ogg,ruftof1
train_audio/bkcdon/XC580812.ogg,bkcdon
train_audio/rebscy1/XC920681.ogg,rebscy1
train_audio/sibtan2/XC613992.ogg,sibtan2
train_audio/greant1/XC374689.ogg,greant1
train_audio/horscr1/iNat869771.ogg,horscr1
train_audio/camfli1/XC807769.ogg,camfli1
train_audio/shcfly1/XC639260.ogg,shcfly1
train_audio/crbthr1/XC708356.ogg,crbthr1
train_audio/swthum1/iNat1033818.ogg,swthum1
train_audio/baymac/iNat976078.ogg,baymac
train_audio/rebscy1/XC250168.ogg,rebscy1
train_audio/smbtin1/XC422999.ogg,smbtin1
train_audio/rufgna3/XC774357.ogg,rufgna3
train_audio/rinkin1/XC706111.ogg,rinkin1
train_audio/hyamac1/XC115387.ogg,hyamac1
train_audio/shshaw/iNat1445208.ogg,shshaw
train_audio/tattin1/XC781249.ogg,tattin1
train_audio/tattin1/XC591409.ogg,tattin1
train_audio/rufhor2/XC927110.ogg,rufhor2
train_audio/rufnig1/XC427077.ogg,rufnig1
train_audio/22956/iNat60929.ogg,22956
train_audio/23158/XC900620.ogg,23158
train_audio/47144/iNat1199534.ogg,47144
train_audio/yehcar1/iNat1707489.ogg,yehcar1
train_audio/soulap1/iNat1653553.ogg,soulap1
train_audio/ruftho1/XC823122.ogg,ruftho1
train_audio/23158/iNat1261183.ogg,23158
train_audio/74113/XC1067102.ogg,74113
train_audio/22956/iNat1693371.ogg,22956
train_audio/glteme1/XC741872.ogg,glteme1
train_audio/sobcac1/iNat283240.ogg,sobcac1
train_audio/crbthr1/XC773378.ogg,crbthr1
train_audio/strcuc1/XC979135.ogg,strcuc1
train_audio/shcfly1/XC857489.ogg,shcfly1
train_audio/redjun/XC498034.ogg,redjun
train_audio/gretho2/iNat334915.ogg,gretho2
train_audio/lesgrf1/XC84504.ogg,lesgrf1
train_audio/platyr1/XC854876.ogg,platyr1
train_audio/houspa/iNat358583.ogg,houspa
train_audio/bobfly1/XC208133.ogg,bobfly1
train_audio/phecuc1/XC264429.ogg,phecuc1
train_audio/22973/iNat1675887.ogg,22973
train_audio/rufcac2/iNat396776.ogg,rufcac2
train_audio/yebcar/XC598803.ogg,yebcar
train_audio/recfin1/XC245170.ogg,recfin1
train_audio/rebscy1/XC431918.ogg,rebscy1
train_audio/43435/iNat538617.ogg,43435
train_audio/sobtyr1/XC297998.ogg,sobtyr1
train_audio/grhtan1/XC419205.ogg,grhtan1
train_audio/swthum1/iNat167401.ogg,swthum1
train_audio/crbthr1/XC1035086.ogg,crbthr1
train_audio/swtman1/XC440767.ogg,swtman1
train_audio/recfin1/XC856026.ogg,recfin1
train_audio/limpki/iNat1688531.ogg,limpki
train_audio/soulap1/XC615607.ogg,soulap1
train_audio/pirfly1/XC1034568.ogg,pirfly1
train_audio/grepot1/iNat1214105.ogg,grepot1
train_audio/crebec1/XC211669.ogg,crebec1
train_audio/22983/iNat1212830.ogg,22983
train_audio/ficman1/XC754556.ogg,ficman1
train_audio/fusfly1/iNat906109.ogg,fusfly1
train_audio/yebela1/XC494434.ogg,yebela1
train_audio/yeofly1/XC607029.ogg,yeofly1
train_audio/fusfly1/XC205874.ogg,fusfly1
train_audio/23158/iNat910949.ogg,23158
train_audio/grepot1/XC658697.ogg,grepot1
train_audio/brnowl/iNat1198982.ogg,brnowl
train_audio/swthum1/XC920665.ogg,swthum1
train_audio/spbant3/XC303208.ogg,spbant3
train_audio/yebcar/XC116256.ogg,yebcar
train_audio/trsowl/XC1006047.ogg,trsowl
train_audio/greyel/iNat1303954.ogg,greyel
train_audio/rubthr1/XC1049906.ogg,rubthr1
train_audio/compau/iNat1645105.ogg,compau
train_audio/grepot1/XC403324.ogg,grepot1
train_audio/scadov1/XC521577.ogg,scadov1
train_audio/oliwoo1/iNat533632.ogg,oliwoo1
train_audio/bkcdon/XC113870.ogg,bkcdon
train_audio/souant1/XC414198.ogg,souant1
train_audio/hyamac1/XC9530.ogg,hyamac1
train_audio/whbwar2/iNat1624201.ogg,whbwar2
train_audio/swtman1/XC539758.ogg,swtman1
train_audio/rufcac2/XC654326.ogg,rufcac2
train_audio/gretho2/iNat621188.ogg,gretho2
train_audio/rebscy1/XC260736.ogg,rebscy1
train_audio/souscr1/XC462664.ogg,souscr1
train_audio/magtan2/XC20719.ogg,magtan2
train_audio/hyamac1/XC795071.ogg,hyamac1
train_audio/brnowl/iNat279069.ogg,brnowl
train_audio/yebcar/XC84597.ogg,yebcar
train_audio/picpig2/XC620668.ogg,picpig2
train_audio/rumfly1/XC901836.ogg,rumfly1
train_audio/compau/iNat1217423.ogg,compau
train_audio/ruftho1/XC856000.ogg,ruftho1
train_audio/scther1/XC556484.ogg,scther1
train_audio/souscr1/iNat634861.ogg,souscr1
train_audio/rufcas2/XC901264.ogg,rufcas2
train_audio/scther1/XC971468.ogg,scther1
train_audio/yebela1/iNat1249777.ogg,yebela1
train_audio/glteme1/XC286581.ogg,glteme1
train_audio/picpig2/iNat1247538.ogg,picpig2
train_audio/whbwar2/XC753238.ogg,whbwar2
train_audio/oliwoo1/XC419133.ogg,oliwoo1
train_audio/smbtin1/XC448635.ogg,smbtin1
train_audio/bobfly1/iNat1302436.ogg,bobfly1
train_audio/shshaw/XC141883.ogg,shshaw
train_audio/bunibi1/iNat906330.ogg,bunibi1
train_audio/ocecra1/iNat1252779.ogg,ocecra1
train_audio/yebcar/XC148700.ogg,yebcar
train_audio/oliwoo1/XC539972.ogg,oliwoo1
train_audio/swtman1/iNat706783.ogg,swtman1
train_audio/whnjay1/XC382968.ogg,whnjay1
train_audio/phecuc1/XC708788.ogg,phecuc1
train_audio/74113/XC1067101.ogg,74113
train_audio/baymac/XC122290.ogg,baymac
train_audio/phecuc1/XC378452.ogg,phecuc1
train_audio/glteme1/iNat62443.ogg,glteme1
train_audio/baymac/XC400211.ogg,baymac
train_audio/gilhum1/XC686667.ogg,gilhum1
train_audio/blchaw1/XC84952.ogg,blchaw1
train_audio/houspa/iNat1363165.ogg,houspa
train_audio/brnowl/iNat1019337.ogg,brnowl
train_audio/rufgna3/XC308464.ogg,rufgna3
train_audio/scadov1/iNat990891.ogg,scadov1
train_audio/sobcac1/iNat52866.ogg,sobcac1
train_audio/horscr1/XC504228.ogg,horscr1
train_audio/grepot1/XC627398.ogg,grepot1
train_audio/22983/iNat347848.ogg,22983
train_audio/limpki/XC572918.ogg,limpki
train_audio/burowl/XC425958.ogg,burowl
train_audio/shcfly1/XC837926.ogg,shcfly1
train_audio/gretho2/XC196525.ogg,gretho2
train_audio/recfin1/XC1516.ogg,recfin1
train_audio/watjac1/iNat984219.ogg,watjac1
train_audio/47144/iNat101837.ogg,47144
train_audio/whnjay1/XC303928.ogg,whnjay1
train_audio/flawar1/XC1903.ogg,flawar1
train_audio/hyamac1/XC84867.ogg,hyamac1
train_audio/whbwar2/iNat885647.ogg,whbwar2
train_audio/limpki/XC351407.ogg,limpki
train_audio/grepot1/XC453562.ogg,grepot1
train_audio/yebela1/XC734554.ogg,yebela1
train_audio/giwrai1/XC500062.ogg,giwrai1
train_audio/strcuc1/XC943379.ogg,strcuc1
train_audio/whbant2/XC422960.ogg,whbant2
train_audio/rufgna3/XC252364.ogg,rufgna3
train_audio/rinkin1/iNat1203789.ogg,rinkin1
train_audio/rutjac1/XC289690.ogg,rutjac1
train_audio/saytan1/iNat261125.ogg,saytan1
train_audio/saytan1/XC838405.ogg,saytan1
train_audio/swthum1/XC186280.ogg,swthum1
train_audio/tattin1/XC29133.ogg,tattin1
train_audio/rumfly1/iNat1412176.ogg,rumfly1
train_audio/plasla1/XC1006630.ogg,plasla1
train_audio/camfli1/XC304417.ogg,camfli1
train_audio/trokin/iNat1321598.ogg,trokin
train_audio/rufcac2/XC878525.ogg,rufcac2
train_audio/limpki/iNat1081319.ogg,limpki
train_audio/74113/XC1066320.ogg,74113
train_audio/grhtan1/XC497535.ogg,grhtan1
train_audio/scther1/XC304584.ogg,scther1
train_audio/shshaw/XC278831.ogg,shshaw
train_audio/sobtyr1/XC264663.ogg,sobtyr1
train_audio/greant1/XC497521.ogg,greant1
train_audio/thlwre1/iNat1446997.ogg,thlwre1
train_audio/scther1/XC435613.ogg,scther1
train_audio/65377/XC1008740.ogg,65377
train_audio/palhor3/XC1009303.ogg,palhor3
train_audio/houspa/XC557012.ogg,houspa
train_audio/trokin/iNat1230255.ogg,trokin
train_audio/crebec1/XC284497.ogg,crebec1
train_audio/trsowl/iNat163816.ogg,trsowl
train_audio/palhor3/XC523894.ogg,palhor3
train_audio/shshaw/XC600053.ogg,shshaw
train_audio/fusfly1/XC743214.ogg,fusfly1
train_audio/rufcac2/XC844058.ogg,rufcac2
train_audio/22956/iNat1298529.ogg,22956
train_audio/bkcdon/XC705455.ogg,bkcdon
train_audio/555146/iNat897998.ogg,555146
train_audio/brnowl/XC417335.ogg,brnowl
train_audio/watjac1/XC463356.ogg,watjac1
train_audio/bunibi1/XC504226.ogg,bunibi1
train_audio/lesgrf1/XC308346.ogg,lesgrf1
train_audio/compot1/iNat93283.ogg,compot1
train_audio/glteme1/XC407205.ogg,glteme1
train_audio/greant1/XC64231.ogg,greant1
train_audio/rumfly1/XC878610.ogg,rumfly1
train_audio/bobfly1/XC703994.ogg,bobfly1
train_audio/sobtyr1/XC355956.ogg,sobtyr1
train_audio/crebec1/iNat55800.ogg,crebec1
train_audio/plasla1/XC993194.ogg,plasla1
train_audio/whnjay1/XC769459.ogg,whnjay1
